Fonction,Type de retour,Nombre de paramètres,Nombre de lignes,Nombre de boucles simples,Nombre de boucles doubles,Nombre de boucles triples,Nombre de pointeurs,Nombre de structures,Nombre de variables,Nombre attributs,Nombre de tests,Nombre de else,Nombre de returns,Nombre appels librairies,Nombre appels locales,Nombre appels récursifs,Complexité cyclomatique,Présence de macro
estPalindrome,_Bool,1,13,1,0,0,1,0,0,0,1,1,2,1,0,0,3,0
longueurChaine,int,1,7,1,0,0,1,0,0,0,0,0,1,0,0,0,2,0
comparaisonChaines,int,2,10,1,0,0,1,0,0,0,1,1,2,0,0,0,3,0
rechercheSousChaineKMP,int,2,46,2,0,0,1,0,0,0,6,6,2,2,0,0,9,0
suppressionDoublons,void,1,16,1,1,0,1,0,0,0,2,2,0,0,0,0,5,0
concatenationChaines,void,2,11,2,0,0,1,0,0,0,0,0,0,0,0,0,3,0
factorielleIterative,unsigned long long,1,7,1,0,0,0,0,0,0,0,0,1,0,0,0,2,0
factorielleRecursive,unsigned long long,1,5,0,0,0,0,0,0,0,1,0,2,0,1,1,2,0
sommeChiffres,int,1,8,1,0,0,0,0,0,0,0,0,1,0,0,0,2,0
estPremier,int,1,10,1,0,0,0,0,0,0,4,0,5,0,1,0,6,0
cribleEratosthene,void,1,20,3,1,0,1,0,0,0,2,2,0,3,0,0,7,0
pgcd,int,2,8,1,0,0,0,0,0,0,0,0,1,0,0,0,2,0
ppcm,int,2,3,0,0,0,0,0,0,0,0,0,1,0,1,0,1,0
exponentiationRapide,long long,2,11,1,0,0,0,0,0,0,1,1,1,0,0,0,3,0
decimalVersBinaire,void,1,16,2,0,0,1,0,0,0,0,0,0,3,0,0,3,0
binaireVersDecimal,int,1,11,1,0,0,0,0,0,0,0,0,1,0,1,0,2,0
max_rec,int,2,6,0,0,0,1,0,0,0,1,0,2,0,1,1,2,0
max_for,int,2,8,1,0,0,1,0,0,0,1,0,1,0,0,0,3,0
max_div_conq,int,3,8,0,0,0,1,0,0,0,1,0,2,0,2,2,2,0
rechercheLineaire,int,3,8,1,0,0,1,0,0,0,1,1,2,0,0,0,3,0
max_ptr,int,2,8,1,0,0,2,0,0,0,1,0,1,0,0,0,3,0
max_while,int,2,9,1,0,0,1,0,0,0,1,0,1,0,0,0,3,0
rechercheOptimisee,int,3,7,1,0,0,1,0,0,0,0,0,1,0,0,0,2,0
max_via_reduction,int,2,8,1,0,0,1,0,0,0,1,1,1,0,0,0,3,0
max_via_recherche_binaire,int,3,7,0,0,0,1,0,0,0,2,0,3,0,0,0,3,0
max_via_echange,int,2,10,1,0,0,1,0,0,0,1,1,1,0,0,0,3,0
creer_queue,Queue *,1,8,0,0,0,1,2,0,0,0,0,1,0,2,0,1,0
enqueue,void,2,5,0,0,0,2,2,0,0,0,0,0,0,0,0,1,0
dequeue,int,1,6,0,0,0,2,2,0,0,0,0,1,0,0,0,1,0
max_via_queue,int,2,14,2,0,0,2,1,0,0,1,1,1,0,4,0,4,0
insertAtHead,void,2,6,0,0,0,2,2,0,0,0,0,0,1,0,0,1,0
reverseList,void,1,10,1,0,0,4,1,0,0,0,0,0,0,0,0,2,0
hasCycle,_Bool,1,9,1,0,0,3,1,0,0,1,0,2,0,0,0,3,0
initStack,void,1,3,0,0,0,1,1,0,0,0,0,0,0,0,0,1,0
push,void,2,3,0,0,0,2,2,0,0,1,0,0,0,0,0,2,0
precedence,int,1,5,0,0,0,0,0,0,0,2,0,3,0,0,0,3,0
infixToPostfix,void,2,29,2,2,0,3,2,0,0,4,3,0,0,5,0,9,0
evaluatePostfix,int,1,18,1,0,0,2,2,0,0,5,1,1,0,6,0,7,0
initQueue,void,1,3,0,0,0,1,1,0,0,0,0,0,0,0,0,1,0
rotationTableau,void,3,19,3,0,0,1,0,0,0,0,0,0,0,0,0,4,0
suppressionElement,void,3,20,2,0,0,2,0,0,0,2,2,1,1,0,0,5,0
inversionTableau,void,2,8,1,0,0,1,0,0,0,0,0,0,0,0,0,2,0
fusionTableauxTries,void,5,22,3,0,0,1,0,0,0,1,1,0,0,0,0,5,0
sommeMaxSousSequence,int,2,12,1,0,0,1,0,0,0,1,1,1,0,0,0,3,0
triBulle,void,2,11,1,1,0,1,0,0,0,1,1,0,0,0,0,4,0
triBulle2,void,2,11,1,1,0,1,0,0,0,1,1,0,0,0,0,4,0
triBulleOpti,void,2,16,1,1,0,1,0,0,0,1,1,0,0,0,0,4,0
triCocktail,void,2,26,1,2,0,1,0,0,0,2,2,0,0,0,0,6,0
triCocktailOptimise,void,2,34,1,2,0,1,0,0,0,4,2,0,0,0,0,8,0
triCocktailDecroissant,void,2,30,1,2,0,1,0,0,0,2,2,0,0,0,0,6,0
afficherTableau,void,2,4,1,0,0,1,0,0,0,0,0,0,2,0,0,2,0
triCocktailAvecEtapes,void,2,34,1,2,0,1,0,0,0,2,2,0,2,2,0,6,0
triSelection,void,2,15,1,1,0,1,0,0,0,2,2,0,0,0,0,5,0
triSelectionOptimise,void,2,19,1,1,0,1,0,0,0,2,2,0,0,0,0,5,0
triSelectionRecursif,void,3,17,1,0,0,1,0,0,0,2,1,1,0,1,1,4,0
triSelectionEtapeParEtape,void,2,21,1,2,0,1,0,0,0,1,1,0,3,0,0,5,0
triSelectionBidirectionnel,void,2,28,1,1,0,1,0,0,0,3,0,0,0,0,0,6,0
triSelectionPointeurs,void,2,14,1,1,0,3,0,0,0,1,1,0,0,0,0,4,0
triSelectionNegatifs,void,2,15,1,1,0,1,0,0,0,2,1,0,0,0,0,5,0
triInsertion,void,2,11,1,1,0,1,0,0,0,0,0,0,0,0,0,3,0
triInsertionDecroissant,void,2,12,1,1,0,1,0,0,0,0,0,0,0,0,0,3,0
triInsertionEtapeParEtape,void,2,17,1,2,0,1,0,0,0,0,0,0,3,0,0,4,0
triInsertionNegatifs,void,2,14,1,1,0,1,0,0,0,1,1,0,0,0,0,4,0
triInsertionRecursif,void,2,15,1,0,0,1,0,0,0,1,0,1,0,1,1,3,0
triInsertionPointeurs,void,2,12,1,1,0,2,0,0,0,0,0,0,0,0,0,3,0
maximum,int,3,10,1,0,0,1,0,0,0,2,1,2,0,0,0,4,0
triComptage,void,2,22,3,1,0,2,0,0,0,0,0,0,2,1,0,5,0
triDénombrementEtapeParEtape,void,2,23,3,2,0,2,0,0,0,1,0,0,5,0,0,7,0
triDénombrementNegatifs,void,2,30,3,1,0,2,0,0,0,2,0,0,2,0,0,7,0
fusion,void,5,19,3,0,0,4,0,0,0,1,1,0,0,0,0,5,0
triFusion,void,2,23,2,0,0,4,0,0,0,1,0,1,4,3,2,4,0
fusionDecroissant,void,4,20,5,0,0,1,0,0,0,1,0,0,0,0,0,7,0
triFusionDecroissant,void,3,10,0,0,0,0,0,0,0,1,1,0,0,3,2,2,0
fusionAvecAffichage,void,4,25,6,0,0,1,0,0,0,1,0,0,3,0,0,8,0
triFusionAvecAffichage,void,3,10,0,0,0,0,0,0,0,1,1,0,0,3,2,2,0
